{"cameraMode":{"drawMode":0,"name":"Shaded","section":"Shading Mode"},"sceneLighting":true,"audioPlay":false,"sceneViewState":{"showFog":true,"showMaterialUpdate":false,"showSkybox":true,"showFlares":true,"showImageEffects":true,"showParticleSystems":true},"in2DMode":false,"pivot":{"x":-48.96516418457031,"y":11.149544715881348,"z":8.879716873168946},"rotation":{"x":0.4030725359916687,"y":-0.014156579039990902,"z":0.006250019650906324,"w":0.9150537848472595},"size":18.66156578063965,"orthographic":false}