{"cameraMode":{"drawMode":0,"name":"Shaded","section":"Shading Mode"},"sceneLighting":true,"audioPlay":false,"sceneViewState":{"showFog":true,"showMaterialUpdate":false,"showSkybox":true,"showFlares":true,"showImageEffects":true,"showParticleSystems":true},"in2DMode":false,"pivot":{"x":-25.73107147216797,"y":1.509199857711792,"z":-6.726923942565918},"rotation":{"x":0.015085559338331223,"y":-0.8643316030502319,"z":0.5020917057991028,"w":0.02597770094871521},"size":3.045234203338623,"orthographic":false}