{"cameraMode":{"drawMode":0,"name":"Shaded","section":"Shading Mode"},"sceneLighting":false,"audioPlay":false,"sceneViewState":{"showFog":true,"showMaterialUpdate":false,"showSkybox":false,"showFlares":true,"showImageEffects":true,"showParticleSystems":true},"in2DMode":false,"pivot":{"x":-29.458221435546876,"y":-0.4227941036224365,"z":-22.6402645111084},"rotation":{"x":0.19457174837589265,"y":0.7769103050231934,"z":-0.28791457414627077,"w":0.5250328779220581},"size":122.63976287841797,"orthographic":false}