{"cameraMode":{"drawMode":0,"name":"Shaded","section":"Shading Mode"},"sceneLighting":true,"audioPlay":false,"sceneViewState":{"showFog":true,"showMaterialUpdate":false,"showSkybox":true,"showFlares":true,"showImageEffects":true,"showParticleSystems":true},"in2DMode":false,"pivot":{"x":431.2716369628906,"y":60.214500427246097,"z":-194.72866821289063},"rotation":{"x":0.022252025082707406,"y":-0.02424384281039238,"z":0.0004755045520141721,"w":0.9995027184486389},"size":25.951265335083009,"orthographic":false}